{
  "seed": 42,
  "n": 600,
  "item_names": [
    "AS1",
    "AS2",
    "AS3",
    "AS4",
    "AF1",
    "AF2",
    "AF3",
    "AF4",
    "BS1",
    "BS2",
    "BS3",
    "BS4",
    "BF1",
    "BF2",
    "BF3",
    "BF4",
    "CS1",
    "CS2",
    "CS3",
    "CS4",
    "CF1",
    "CF2",
    "CF3",
    "CF4"
  ],
  "delta_bic": -313.6832897329768,
  "g_g_correlation": -0.91531289478191,
  "recommendation": "1-G",
  "rationale": "BIC favors 1-G by 313.7 (>10) and G-loadings are bipolar (12/12 sat positive, 12/12 frust negative).",
  "one_g_fit": {
    "chi2": 204.94451850255686,
    "df": null,
    "cfi": 1.0042642568027773,
    "rmsea": 0.0,
    "tli": 1.0051847351434648,
    "aic": 145.31685160499148,
    "bic": 466.29271643577016
  },
  "two_g_fit": {
    "chi2": 134.8235302868865,
    "df": null,
    "cfi": 1.0083478365555245,
    "rmsea": 0.0,
    "tli": 1.0129438364568806,
    "aic": 243.55058823237704,
    "bic": 779.976006168747
  },
  "one_g_g_loadings": {
    "AS1": 1.0,
    "AS2": 0.918414959205713,
    "AS3": 0.9138667804885996,
    "AS4": 0.9677040334604886,
    "AF1": -0.9843230812944846,
    "AF2": -0.9346862351824812,
    "AF3": -0.9298674881193603,
    "AF4": -0.9511288641005077,
    "BS1": 0.9413975382909878,
    "BS2": 0.8279836776340814,
    "BS3": 0.7525327106967568,
    "BS4": 0.9582485714655022,
    "BF1": -1.1419128298981163,
    "BF2": -0.9275889505827408,
    "BF3": -1.00965110355055,
    "BF4": -0.9976698691145133,
    "CS1": 0.9148745172226602,
    "CS2": 0.8702124448217078,
    "CS3": 0.9533883203189585,
    "CS4": 0.9952906210415484,
    "CF1": -0.8511001035791524,
    "CF2": -0.9545532896610184,
    "CF3": -1.0252464857578116,
    "CF4": -1.0010574325013903
  },
  "two_g_g_loadings": {
    "AS1": 1.0,
    "AS2": 1.06537650436439,
    "AS3": 1.3694306982091893,
    "AS4": 0.5819027412065355,
    "AF1": 1.0,
    "AF2": 0.7823213803923966,
    "AF3": 0.3083546352967043,
    "AF4": 0.7269614699214235,
    "BS1": 1.441230793268073,
    "BS2": 0.32393457474348597,
    "BS3": 0.21553429901217516,
    "BS4": -0.3512792400991097,
    "BF1": 0.3601034984939043,
    "BF2": -0.010871051769760887,
    "BF3": 0.5756353385605221,
    "BF4": 0.8459648861694429,
    "CS1": -0.21495811540652077,
    "CS2": -0.5877128541045824,
    "CS3": 0.8493476091466143,
    "CS4": 0.7651199772666444,
    "CF1": 0.37915465915647667,
    "CF2": 0.376807198455975,
    "CF3": 0.7631011433490061,
    "CF4": 0.07205212031573838
  },
  "warning": "All results derived from SYNTHETIC data."
}