"Model","CFI","TLI","RMSEA","SRMR","ChiSq","df"
"6-factor",1,1.00543595862677,0,0.0220750032028598,145.565735812183,237
"3-factor",0.907814945138102,0.8978189753338,0.0852009869214806,0.077214462490826,2054.73529209126,249
"1-factor",0.666318394911728,0.634539194427131,0.161131296777721,0.13334333576705,6788.20753963011,252
