subscale,pearson_r
a_sat,1.0
a_frust,1.0
b_sat,0.9999999999999998
b_frust,0.9999999999999999
c_sat,0.9999999999999999
c_frust,0.9999999999999998
